{
  "UpdateBookingByPatch" : {
    "transaction" : "UpdateBookingByPatch",
    "sampleCount" : 2000,
    "errorCount" : 0,
    "errorPct" : 0.0,
    "meanResTime" : 2399.493000000004,
    "medianResTime" : 2609.0,
    "minResTime" : 276.0,
    "maxResTime" : 11247.0,
    "pct1ResTime" : 3796.9,
    "pct2ResTime" : 4173.849999999999,
    "pct3ResTime" : 5227.93,
    "throughput" : 45.89050525446285,
    "receivedKBytesPerSec" : 42.09055630764995,
    "sentKBytesPerSec" : 15.28189676930843
  },
  "createbooking" : {
    "transaction" : "createbooking",
    "sampleCount" : 2000,
    "errorCount" : 0,
    "errorPct" : 0.0,
    "meanResTime" : 1711.3120000000054,
    "medianResTime" : 1558.0,
    "minResTime" : 271.0,
    "maxResTime" : 21568.0,
    "pct1ResTime" : 2739.3000000000006,
    "pct2ResTime" : 3498.95,
    "pct3ResTime" : 7811.93,
    "throughput" : 44.742729306487696,
    "receivedKBytesPerSec" : 41.469519015659955,
    "sentKBytesPerSec" : 20.317087877516776
  },
  "auth" : {
    "transaction" : "auth",
    "sampleCount" : 2000,
    "errorCount" : 0,
    "errorPct" : 0.0,
    "meanResTime" : 18208.089000000007,
    "medianResTime" : 15496.0,
    "minResTime" : 2196.0,
    "maxResTime" : 55167.0,
    "pct1ResTime" : 34542.9,
    "pct2ResTime" : 38273.149999999994,
    "pct3ResTime" : 43600.05,
    "throughput" : 36.13238907356554,
    "receivedKBytesPerSec" : 27.402112276882498,
    "sentKBytesPerSec" : 9.103668340800695
  },
  "UpdateBookingByPut" : {
    "transaction" : "UpdateBookingByPut",
    "sampleCount" : 2000,
    "errorCount" : 0,
    "errorPct" : 0.0,
    "meanResTime" : 2422.2025000000003,
    "medianResTime" : 2536.0,
    "minResTime" : 280.0,
    "maxResTime" : 18935.0,
    "pct1ResTime" : 3832.5000000000005,
    "pct2ResTime" : 4260.95,
    "pct3ResTime" : 5616.330000000001,
    "throughput" : 45.536303818219075,
    "receivedKBytesPerSec" : 41.05862656815646,
    "sentKBytesPerSec" : 22.45686858222718
  },
  "Total" : {
    "transaction" : "Total",
    "sampleCount" : 12000,
    "errorCount" : 0,
    "errorPct" : 0.0,
    "meanResTime" : 4627.518499999977,
    "medianResTime" : 1917.0,
    "minResTime" : 271.0,
    "maxResTime" : 55167.0,
    "pct1ResTime" : 13505.899999999989,
    "pct2ResTime" : 22397.949999999997,
    "pct3ResTime" : 37583.289999999986,
    "throughput" : 211.18209175861887,
    "receivedKBytesPerSec" : 187.23691605951817,
    "sentKBytesPerSec" : 86.1703021333791
  },
  "getbooking" : {
    "transaction" : "getbooking",
    "sampleCount" : 4000,
    "errorCount" : 0,
    "errorPct" : 0.0,
    "meanResTime" : 1512.007249999995,
    "medianResTime" : 1514.0,
    "minResTime" : 273.0,
    "maxResTime" : 28362.0,
    "pct1ResTime" : 2401.9,
    "pct2ResTime" : 2783.0,
    "pct3ResTime" : 4431.859999999997,
    "throughput" : 88.45839138415268,
    "receivedKBytesPerSec" : 80.30225126606072,
    "sentKBytesPerSec" : 40.51463433512461
  }
}