{
  "UpdateBookingByPatch" : {
    "transaction" : "UpdateBookingByPatch",
    "sampleCount" : 500,
    "errorCount" : 0,
    "errorPct" : 0.0,
    "meanResTime" : 1941.1219999999996,
    "medianResTime" : 1717.5,
    "minResTime" : 628.0,
    "maxResTime" : 4260.0,
    "pct1ResTime" : 3690.9,
    "pct2ResTime" : 3717.95,
    "pct3ResTime" : 3802.96,
    "throughput" : 43.252595155709336,
    "receivedKBytesPerSec" : 39.746769571799305,
    "sentKBytesPerSec" : 14.403452097750865
  },
  "createbooking" : {
    "transaction" : "createbooking",
    "sampleCount" : 500,
    "errorCount" : 0,
    "errorPct" : 0.0,
    "meanResTime" : 824.3639999999997,
    "medianResTime" : 860.0,
    "minResTime" : 274.0,
    "maxResTime" : 2532.0,
    "pct1ResTime" : 1284.0,
    "pct2ResTime" : 2263.8,
    "pct3ResTime" : 2505.99,
    "throughput" : 56.856947919035704,
    "receivedKBytesPerSec" : 52.63643002331135,
    "sentKBytesPerSec" : 25.822826643165794
  },
  "auth" : {
    "transaction" : "auth",
    "sampleCount" : 500,
    "errorCount" : 0,
    "errorPct" : 0.0,
    "meanResTime" : 1877.9860000000026,
    "medianResTime" : 1405.5,
    "minResTime" : 1088.0,
    "maxResTime" : 4539.0,
    "pct1ResTime" : 3289.1000000000004,
    "pct2ResTime" : 3379.95,
    "pct3ResTime" : 4256.98,
    "throughput" : 51.103843008994275,
    "receivedKBytesPerSec" : 38.69079939186427,
    "sentKBytesPerSec" : 12.87577294562551
  },
  "UpdateBookingByPut" : {
    "transaction" : "UpdateBookingByPut",
    "sampleCount" : 500,
    "errorCount" : 0,
    "errorPct" : 0.0,
    "meanResTime" : 2004.646,
    "medianResTime" : 1813.5,
    "minResTime" : 351.0,
    "maxResTime" : 4053.0,
    "pct1ResTime" : 3553.6000000000004,
    "pct2ResTime" : 3705.85,
    "pct3ResTime" : 3807.86,
    "throughput" : 44.33410179109771,
    "receivedKBytesPerSec" : 39.99801881982621,
    "sentKBytesPerSec" : 21.863985746586273
  },
  "Total" : {
    "transaction" : "Total",
    "sampleCount" : 3000,
    "errorCount" : 0,
    "errorPct" : 0.0,
    "meanResTime" : 1448.1686666666671,
    "medianResTime" : 1183.0,
    "minResTime" : 274.0,
    "maxResTime" : 4539.0,
    "pct1ResTime" : 2928.5000000000014,
    "pct2ResTime" : 3432.8999999999996,
    "pct3ResTime" : 3776.99,
    "throughput" : 183.69971220378423,
    "receivedKBytesPerSec" : 162.94882049476456,
    "sentKBytesPerSec" : 74.95905027248791
  },
  "getbooking" : {
    "transaction" : "getbooking",
    "sampleCount" : 1000,
    "errorCount" : 0,
    "errorPct" : 0.0,
    "meanResTime" : 1020.4469999999991,
    "medianResTime" : 968.0,
    "minResTime" : 277.0,
    "maxResTime" : 2623.0,
    "pct1ResTime" : 1706.1999999999998,
    "pct2ResTime" : 2502.7499999999995,
    "pct3ResTime" : 2592.0,
    "throughput" : 79.96161842315688,
    "receivedKBytesPerSec" : 72.69401312370063,
    "sentKBytesPerSec" : 36.62304593794978
  }
}