{
  "UpdateBookingByPatch" : {
    "transaction" : "UpdateBookingByPatch",
    "sampleCount" : 500,
    "errorCount" : 0,
    "errorPct" : 0.0,
    "meanResTime" : 547.2960000000003,
    "medianResTime" : 497.5,
    "minResTime" : 277.0,
    "maxResTime" : 1845.0,
    "pct1ResTime" : 977.200000000001,
    "pct2ResTime" : 1132.0,
    "pct3ResTime" : 1185.95,
    "throughput" : 76.01094557616297,
    "receivedKBytesPerSec" : 69.95204184402553,
    "sentKBytesPerSec" : 25.31223871237458
  },
  "createbooking" : {
    "transaction" : "createbooking",
    "sampleCount" : 500,
    "errorCount" : 0,
    "errorPct" : 0.0,
    "meanResTime" : 566.0880000000004,
    "medianResTime" : 515.5,
    "minResTime" : 277.0,
    "maxResTime" : 2735.0,
    "pct1ResTime" : 908.8000000000001,
    "pct2ResTime" : 977.8499999999999,
    "pct3ResTime" : 1038.88,
    "throughput" : 65.07027589796981,
    "receivedKBytesPerSec" : 60.31887485359188,
    "sentKBytesPerSec" : 29.553089211348254
  },
  "auth" : {
    "transaction" : "auth",
    "sampleCount" : 500,
    "errorCount" : 0,
    "errorPct" : 0.0,
    "meanResTime" : 3072.2940000000012,
    "medianResTime" : 2821.0,
    "minResTime" : 1510.0,
    "maxResTime" : 10371.0,
    "pct1ResTime" : 4502.500000000001,
    "pct2ResTime" : 5443.65,
    "pct3ResTime" : 6552.82,
    "throughput" : 43.535045711798,
    "receivedKBytesPerSec" : 33.01623040922943,
    "sentKBytesPerSec" : 10.968790814105356
  },
  "UpdateBookingByPut" : {
    "transaction" : "UpdateBookingByPut",
    "sampleCount" : 500,
    "errorCount" : 0,
    "errorPct" : 0.0,
    "meanResTime" : 655.1859999999999,
    "medianResTime" : 546.5,
    "minResTime" : 278.0,
    "maxResTime" : 2521.0,
    "pct1ResTime" : 1127.9,
    "pct2ResTime" : 1471.1999999999969,
    "pct3ResTime" : 2170.98,
    "throughput" : 73.55104442483083,
    "receivedKBytesPerSec" : 66.47692795675198,
    "sentKBytesPerSec" : 36.27273186966755
  },
  "Total" : {
    "transaction" : "Total",
    "sampleCount" : 3000,
    "errorCount" : 0,
    "errorPct" : 0.0,
    "meanResTime" : 995.957333333331,
    "medianResTime" : 538.0,
    "minResTime" : 273.0,
    "maxResTime" : 10371.0,
    "pct1ResTime" : 2449.6000000000004,
    "pct2ResTime" : 3629.449999999998,
    "pct3ResTime" : 5372.759999999995,
    "throughput" : 231.14261499345096,
    "receivedKBytesPerSec" : 205.32356354495724,
    "sentKBytesPerSec" : 94.31822559519225
  },
  "getbooking" : {
    "transaction" : "getbooking",
    "sampleCount" : 1000,
    "errorCount" : 0,
    "errorPct" : 0.0,
    "meanResTime" : 567.4400000000002,
    "medianResTime" : 495.5,
    "minResTime" : 273.0,
    "maxResTime" : 2435.0,
    "pct1ResTime" : 975.0,
    "pct2ResTime" : 1052.7499999999995,
    "pct3ResTime" : 2036.95,
    "throughput" : 125.14078338130396,
    "receivedKBytesPerSec" : 113.89791053998249,
    "sentKBytesPerSec" : 57.315456451007385
  }
}