{
  "UpdateBookingByPatch" : {
    "transaction" : "UpdateBookingByPatch",
    "sampleCount" : 1000,
    "errorCount" : 0,
    "errorPct" : 0.0,
    "meanResTime" : 5034.686999999999,
    "medianResTime" : 5405.0,
    "minResTime" : 345.0,
    "maxResTime" : 13560.0,
    "pct1ResTime" : 5759.8,
    "pct2ResTime" : 5835.849999999999,
    "pct3ResTime" : 6739.490000000001,
    "throughput" : 27.357535633190164,
    "receivedKBytesPerSec" : 25.086539579514678,
    "sentKBytesPerSec" : 9.110273096599458
  },
  "createbooking" : {
    "transaction" : "createbooking",
    "sampleCount" : 1000,
    "errorCount" : 0,
    "errorPct" : 0.0,
    "meanResTime" : 1644.2970000000003,
    "medianResTime" : 1747.0,
    "minResTime" : 339.0,
    "maxResTime" : 6765.0,
    "pct1ResTime" : 2459.0,
    "pct2ResTime" : 2591.0,
    "pct3ResTime" : 3502.6400000000003,
    "throughput" : 25.199072674125592,
    "receivedKBytesPerSec" : 23.373075027089005,
    "sentKBytesPerSec" : 11.44256914783036
  },
  "auth" : {
    "transaction" : "auth",
    "sampleCount" : 1000,
    "errorCount" : 0,
    "errorPct" : 0.0,
    "meanResTime" : 6289.171999999999,
    "medianResTime" : 6567.0,
    "minResTime" : 1837.0,
    "maxResTime" : 39666.0,
    "pct1ResTime" : 8598.6,
    "pct2ResTime" : 9983.449999999999,
    "pct3ResTime" : 14592.2,
    "throughput" : 20.46789610495937,
    "receivedKBytesPerSec" : 15.529376547884644,
    "sentKBytesPerSec" : 5.156950385819842
  },
  "UpdateBookingByPut" : {
    "transaction" : "UpdateBookingByPut",
    "sampleCount" : 1000,
    "errorCount" : 0,
    "errorPct" : 0.0,
    "meanResTime" : 4511.4529999999995,
    "medianResTime" : 4460.5,
    "minResTime" : 344.0,
    "maxResTime" : 9824.0,
    "pct1ResTime" : 5602.8,
    "pct2ResTime" : 5707.95,
    "pct3ResTime" : 6584.27,
    "throughput" : 25.44788273615635,
    "receivedKBytesPerSec" : 22.954586662764658,
    "sentKBytesPerSec" : 12.549981232186482
  },
  "Total" : {
    "transaction" : "Total",
    "sampleCount" : 6000,
    "errorCount" : 0,
    "errorPct" : 0.0,
    "meanResTime" : 3584.648999999997,
    "medianResTime" : 2969.0,
    "minResTime" : 292.0,
    "maxResTime" : 39666.0,
    "pct1ResTime" : 5934.400000000003,
    "pct2ResTime" : 7812.9,
    "pct3ResTime" : 9595.809999999974,
    "throughput" : 117.23100369277661,
    "receivedKBytesPerSec" : 104.06289382290304,
    "sentKBytesPerSec" : 47.83469527876556
  },
  "getbooking" : {
    "transaction" : "getbooking",
    "sampleCount" : 2000,
    "errorCount" : 0,
    "errorPct" : 0.0,
    "meanResTime" : 2014.142500000002,
    "medianResTime" : 2070.0,
    "minResTime" : 292.0,
    "maxResTime" : 9325.0,
    "pct1ResTime" : 2980.0,
    "pct2ResTime" : 3125.8999999999996,
    "pct3ResTime" : 3440.6900000000005,
    "throughput" : 48.61094232311693,
    "receivedKBytesPerSec" : 44.254803748511286,
    "sentKBytesPerSec" : 22.264191356974454
  }
}