{
  "UpdateBookingByPatch" : {
    "transaction" : "UpdateBookingByPatch",
    "sampleCount" : 100,
    "errorCount" : 0,
    "errorPct" : 0.0,
    "meanResTime" : 316.83000000000004,
    "medianResTime" : 295.5,
    "minResTime" : 276.0,
    "maxResTime" : 1416.0,
    "pct1ResTime" : 324.0,
    "pct2ResTime" : 329.0,
    "pct3ResTime" : 1412.2899999999981,
    "throughput" : 15.119443604475356,
    "receivedKBytesPerSec" : 13.89807605080133,
    "sentKBytesPerSec" : 5.034892840943454
  },
  "createbooking" : {
    "transaction" : "createbooking",
    "sampleCount" : 100,
    "errorCount" : 0,
    "errorPct" : 0.0,
    "meanResTime" : 296.03,
    "medianResTime" : 291.5,
    "minResTime" : 275.0,
    "maxResTime" : 365.0,
    "pct1ResTime" : 316.9,
    "pct2ResTime" : 330.9,
    "pct3ResTime" : 364.72999999999985,
    "throughput" : 15.220700152207002,
    "receivedKBytesPerSec" : 14.153170186453575,
    "sentKBytesPerSec" : 6.917986586757991
  },
  "auth" : {
    "transaction" : "auth",
    "sampleCount" : 100,
    "errorCount" : 0,
    "errorPct" : 0.0,
    "meanResTime" : 2213.0299999999997,
    "medianResTime" : 1489.5,
    "minResTime" : 1148.0,
    "maxResTime" : 5706.0,
    "pct1ResTime" : 4321.3,
    "pct2ResTime" : 4452.9,
    "pct3ResTime" : 5698.659999999996,
    "throughput" : 9.341429238673516,
    "receivedKBytesPerSec" : 7.107514012143858,
    "sentKBytesPerSec" : 2.3536022886501633
  },
  "UpdateBookingByPut" : {
    "transaction" : "UpdateBookingByPut",
    "sampleCount" : 100,
    "errorCount" : 0,
    "errorPct" : 0.0,
    "meanResTime" : 306.22,
    "medianResTime" : 295.0,
    "minResTime" : 273.0,
    "maxResTime" : 1231.0,
    "pct1ResTime" : 314.8,
    "pct2ResTime" : 342.69999999999993,
    "pct3ResTime" : 1222.2799999999957,
    "throughput" : 15.160703456640388,
    "receivedKBytesPerSec" : 13.703262393875075,
    "sentKBytesPerSec" : 7.476714107034566
  },
  "Total" : {
    "transaction" : "Total",
    "sampleCount" : 600,
    "errorCount" : 0,
    "errorPct" : 0.0,
    "meanResTime" : 624.1383333333332,
    "medianResTime" : 298.0,
    "minResTime" : 273.0,
    "maxResTime" : 5706.0,
    "pct1ResTime" : 1307.1999999999996,
    "pct2ResTime" : 2757.2999999999965,
    "pct3ResTime" : 4412.79,
    "throughput" : 49.184359373719154,
    "receivedKBytesPerSec" : 43.72412697762112,
    "sentKBytesPerSec" : 20.072566142716617
  },
  "getbooking" : {
    "transaction" : "getbooking",
    "sampleCount" : 200,
    "errorCount" : 0,
    "errorPct" : 0.0,
    "meanResTime" : 306.36,
    "medianResTime" : 295.0,
    "minResTime" : 275.0,
    "maxResTime" : 1309.0,
    "pct1ResTime" : 314.70000000000005,
    "pct2ResTime" : 319.95,
    "pct3ResTime" : 1239.080000000008,
    "throughput" : 26.71653753673524,
    "receivedKBytesPerSec" : 24.31335367686348,
    "sentKBytesPerSec" : 12.236382914774246
  }
}